,time,cpu_utilization,temp_slot,load_plat,number_mac,temp_plat,comm
0,2020-05-04 22:11:51.753338,0.4754745245386033,39,0.31782029044164256,25673.139044471405,50,raisecom
1,2020-05-04 22:12:51.837587,0.43683128839164215,37,0.3255717917577308,22065.438882183993,36,raisecom
2,2020-05-04 22:13:51.934030,0.5295018567939964,37,0.4124512786626794,23863.362929925897,36,raisecom
3,2020-05-04 22:14:52.012868,0.509983518735345,32,0.37963663594151625,27633.264217482818,38,raisecom
4,2020-05-04 22:15:52.091449,0.2789414842889422,22,0.5260392035688037,21350.338478183126,36,raisecom
5,2020-05-04 22:16:52.171252,0.5072309859966135,23,0.25964308843311096,29217.540608278632,49,raisecom
6,2020-05-04 22:17:52.251996,0.3978742708158972,40,0.4889669488357856,28393.911948233443,39,raisecom
7,2020-05-04 22:18:52.348606,0.4641852653034022,34,0.2593235153462489,20584.217927275302,33,raisecom
8,2020-05-04 22:19:52.426827,0.4059019597872027,25,0.37033609237751797,29921.68574782465,36,raisecom
9,2020-05-04 22:20:52.507483,0.3541542445914081,32,0.34009013062173044,26607.321568251336,47,raisecom
10,2020-05-04 22:21:52.584026,0.5470600141178796,33,0.5343277437931596,28084.67864660118,42,raisecom
11,2020-05-04 22:22:52.666555,0.3208658884596621,33,0.4509007066516893,24812.48024558325,42,raisecom
12,2020-05-04 22:23:52.757986,0.4513256602458898,20,0.36148434197921736,21431.908721130825,33,raisecom
13,2020-05-04 22:24:52.836336,0.37089765295519606,29,0.3963237608187799,26187.11292838231,33,raisecom
14,2020-05-04 22:25:52.936470,0.3151718005219123,37,0.5380823938933483,21841.336693149085,34,raisecom
15,2020-05-04 22:26:53.014554,0.2746392841444649,38,0.4893533178997571,26875.09628290148,45,raisecom
16,2020-05-04 22:27:53.093177,0.3646138764182949,35,0.4764366933317217,29138.11911727944,32,raisecom
17,2020-05-04 22:28:53.187421,0.4174220066854699,21,0.4475535569637417,20428.589936184857,36,raisecom
18,2020-05-04 22:29:53.267516,0.2846902202060764,38,0.5358475817784955,20731.793506466518,43,raisecom
19,2020-05-04 22:30:53.346766,0.27121746896198506,40,0.36735135359009,26319.608845547868,50,raisecom
20,2020-05-04 22:31:53.426905,0.4867704764841777,20,0.4319818817674179,27071.908204574534,44,raisecom
21,2020-05-04 22:32:53.506757,0.4304538529954336,31,0.32990104587582825,28654.898220648018,33,raisecom
22,2020-05-04 22:33:53.586718,0.32386089317973016,37,0.42285610596446266,25531.73697825861,43,raisecom
23,2020-05-04 22:34:53.666341,0.4613767028347714,20,0.3304434013848475,25534.984072794803,42,raisecom
24,2020-05-04 22:35:53.748705,0.4657903190219768,22,0.2980063122567961,26330.97463245799,43,raisecom
25,2020-05-04 22:36:53.829721,0.4287556579729348,33,0.3724495537538961,27083.000684924347,36,raisecom
26,2020-05-04 22:37:53.922748,0.5466116937986785,21,0.315527127518629,24799.07921788485,30,raisecom
27,2020-05-04 22:38:54.002398,0.2973045709069798,21,0.5416707650174879,29033.740086090394,40,raisecom
28,2020-05-04 22:39:54.079774,0.2633957734179985,27,0.3884914402807877,26168.183110886366,43,raisecom
29,2020-05-04 22:40:54.156457,0.33392298466985604,40,0.4729090699495216,26893.94536265555,40,raisecom
30,2020-05-04 22:41:54.233359,0.3844746626855689,24,0.41497131537221454,26547.503601256725,31,raisecom
31,2020-05-04 22:42:54.324924,0.33416619706184625,38,0.38952100827480535,25966.7005494759,49,raisecom
32,2020-05-04 22:43:54.402880,0.5161285408419026,30,0.34280687805140003,22801.04127948436,40,raisecom
33,2020-05-04 22:44:54.483225,0.5482583012651492,28,0.4436760915963611,24865.784464398417,39,raisecom
34,2020-05-04 22:45:54.561601,0.25113351350127405,31,0.5489894872613805,26864.86418274709,46,raisecom
35,2020-05-04 22:46:54.642756,0.3850491089474177,23,0.504616064888368,28586.365984577715,48,raisecom
36,2020-05-04 22:47:54.734842,0.408657965014133,38,0.5438157163175552,25726.518618903185,33,raisecom
37,2020-05-04 22:48:54.815078,0.3680844069518329,37,0.4503013504784468,29250.211250305656,38,raisecom
38,2020-05-04 22:49:54.895050,0.5107595503536371,34,0.5198657699437549,29227.194702727575,42,raisecom
39,2020-05-04 22:50:54.975449,0.29393515473987586,35,0.4372325378213937,28952.473086008173,41,raisecom
40,2020-05-04 22:51:55.055707,0.4000828621258903,22,0.2813647348142352,29794.522877707186,38,raisecom
41,2020-05-04 22:52:55.134362,0.4197733029547037,30,0.4080298395611426,28698.62536007317,48,raisecom
42,2020-05-04 22:53:55.211007,0.3055160504635042,34,0.2779611597136715,22182.66092147773,50,raisecom
43,2020-05-04 22:54:55.291862,0.27407483865644944,37,0.490465602172177,28966.36351863594,38,raisecom
44,2020-05-04 22:55:55.371756,0.4615887290264564,31,0.40307420951497264,26129.310672063657,42,raisecom
45,2020-05-04 22:56:55.463741,0.2521003171402827,33,0.4928851809692588,29518.826587025414,31,raisecom
46,2020-05-04 22:57:55.544695,0.3893516394435997,39,0.2666547137166901,23271.16360138937,38,raisecom
47,2020-05-04 22:58:55.624579,0.27654704952436004,24,0.3011905236157489,21171.341088994017,46,raisecom
48,2020-05-04 22:59:55.707194,0.5364212169821863,39,0.4817547512412689,20251.992373954723,48,raisecom
49,2020-05-04 23:00:55.785932,0.4645112713070885,39,0.4626493925280517,21587.023516565263,45,raisecom
50,2020-05-04 23:01:55.878071,0.4335450530986991,25,0.2602822128657967,21058.2941366491,36,raisecom
51,2020-05-04 23:02:55.959302,0.3906826647007803,27,0.4099284218036328,24531.842093714014,45,raisecom
52,2020-05-04 23:03:56.040066,0.4483599826659557,21,0.34773308153241744,22482.374359277743,50,raisecom
53,2020-05-04 23:04:56.118756,0.5289810295640222,24,0.25011848237416434,29417.048094491416,35,raisecom
54,2020-05-04 23:05:56.197882,0.4535348851859644,26,0.31223014775962965,26362.310036996078,34,raisecom
55,2020-05-04 23:06:56.286831,0.3365058723965513,35,0.4865098299478671,21673.18759822015,42,raisecom
56,2020-05-04 23:07:56.365914,0.4232622468045256,35,0.4268350887502366,25787.41236926069,41,raisecom
57,2020-05-04 23:08:56.446003,0.5228551116556942,31,0.4658785276290237,21371.330441756647,49,raisecom
58,2020-05-04 23:09:56.522966,0.5015275819797139,35,0.527082048052071,24480.86972868648,34,raisecom
59,2020-05-04 23:10:56.600347,0.5196676426818415,26,0.4534673578300589,21758.175630202157,36,raisecom
60,2020-05-04 23:11:56.688150,0.30891990944339537,28,0.26440636275754953,23194.023362289405,31,raisecom
61,2020-05-04 23:12:56.768667,0.2773653187685433,36,0.4439966331110848,24864.208777828444,38,raisecom
62,2020-05-04 23:13:56.850252,0.3653886133689673,38,0.49317245545157107,29345.701755458267,44,raisecom
63,2020-05-04 23:14:56.928939,0.282849808419459,23,0.2751216969887349,21127.61518425745,36,raisecom
64,2020-05-04 23:15:57.008020,0.32298235889601273,22,0.5218951016024151,29582.038086907134,36,raisecom
65,2020-05-04 23:16:57.090233,0.5369143424363207,30,0.374628955356495,26771.83780670815,42,raisecom
66,2020-05-04 23:17:57.171180,0.3250660535649107,21,0.26638996981719043,24833.531514754908,38,raisecom
67,2020-05-04 23:18:57.250918,0.5150097423274269,32,0.4135528526876173,28236.822756899037,38,raisecom
68,2020-05-04 23:19:57.328122,0.4585200506658013,39,0.4669294817594912,25788.70390394661,34,raisecom
69,2020-05-04 23:20:57.405737,0.5311366707958864,20,0.5370197183151009,26128.455372495526,32,raisecom
70,2020-05-04 23:21:57.484838,0.4088469553145601,27,0.4619903484190522,22837.827958035567,49,raisecom
71,2020-05-04 23:22:57.561482,0.4940995630814582,29,0.3211590994581697,21845.48992026765,30,raisecom
72,2020-05-04 23:23:57.640798,0.5418645074512095,29,0.4654333056755277,21255.9224829965,37,raisecom
73,2020-05-04 23:24:57.722275,0.4785102383973619,21,0.3317586586228572,23263.68917925543,42,raisecom
74,2020-05-04 23:25:57.820915,0.4564971092517428,35,0.3990648396909751,25353.137363833346,43,raisecom
75,2020-05-04 23:26:57.900459,0.3020277259067248,24,0.43226066227132587,27060.755072573662,33,raisecom
76,2020-05-04 23:27:57.981077,0.2815551905710148,24,0.3612262902730608,22590.58143115825,39,raisecom
77,2020-05-04 23:28:58.061816,0.35238944735340005,21,0.30266928811366145,24230.76142255646,49,raisecom
78,2020-05-04 23:29:58.142883,0.3339840084871968,39,0.2571254064601068,21835.73317167866,42,raisecom
79,2020-05-04 23:30:58.233488,0.3989298013943366,30,0.5074657285071363,29730.471023328908,32,raisecom
80,2020-05-04 23:31:58.313002,0.39481894094357023,31,0.42017158285296297,26275.117079630487,32,raisecom
81,2020-05-04 23:32:58.393271,0.4268372679789009,31,0.5039154911456762,28383.099676208847,33,raisecom
82,2020-05-04 23:33:58.471458,0.4664066738952276,36,0.4287041546476983,22732.416095251625,49,raisecom
83,2020-05-04 23:34:58.551056,0.2937846779230621,40,0.3152537494411108,22306.58730142587,35,raisecom
84,2020-05-04 23:35:58.639504,0.5177752038751013,30,0.2648282676266325,27161.48139278034,40,raisecom
85,2020-05-04 23:36:58.716191,0.36018545016129555,25,0.38615101105964506,29449.64095151708,35,raisecom
86,2020-05-04 23:37:58.797456,0.460962428501651,37,0.4435309047938825,24012.947167469785,46,raisecom
87,2020-05-04 23:38:58.877754,0.4935535380597245,26,0.2630547775779113,29938.780171914223,39,raisecom
88,2020-05-04 23:39:58.956861,0.2673126627242393,21,0.517062969626003,29437.89730152301,44,raisecom
89,2020-05-04 23:40:59.034449,0.3085912856550244,34,0.3012437539866705,22571.338144504683,40,raisecom
90,2020-05-04 23:41:59.111980,0.32596765311852866,35,0.3992934710109822,24812.68344869584,43,raisecom
91,2020-05-04 23:42:59.190962,0.3186456103088777,27,0.5170769850020989,20893.749539238797,38,raisecom
92,2020-05-04 23:43:59.271126,0.513617476341957,36,0.3013522136024543,21002.87639672334,30,raisecom
93,2020-05-04 23:44:59.362289,0.3090801274737076,22,0.4528201327999949,29385.04681597397,31,raisecom
94,2020-05-04 23:45:59.442382,0.4047008100033346,22,0.3024491239000001,20615.56536780247,32,raisecom
95,2020-05-04 23:46:59.521204,0.5219420030071664,29,0.35777168669333426,28020.79676942732,46,raisecom
96,2020-05-04 23:47:59.600310,0.4028868223772353,36,0.3798803430011513,26093.09904053321,36,raisecom
97,2020-05-04 23:48:59.679162,0.5348014256920607,38,0.4889675608702761,28871.60627001227,33,raisecom
98,2020-05-04 23:49:59.771297,0.28070892302941985,38,0.3782679576934989,21876.698796150617,50,raisecom
99,2020-05-04 23:50:59.853229,0.5288559599430636,26,0.3004601812196055,24964.361139098288,39,raisecom
100,2020-05-04 23:51:59.932998,0.4264439310218833,34,0.4300077238077297,27798.167010449877,47,raisecom
101,2020-05-04 23:53:00.014090,0.4753148909926266,36,0.3069858955745922,22799.437716503846,33,raisecom
102,2020-05-04 23:54:00.094738,0.2844734313246271,25,0.29906689105028184,29060.091071074665,40,raisecom
103,2020-05-04 23:55:00.190656,0.5437563503163819,32,0.5372818759749144,25048.149330951997,46,raisecom
104,2020-05-04 23:56:00.269065,0.3284378393197705,21,0.33051467556417496,23611.108770822113,30,raisecom
105,2020-05-04 23:57:00.355512,0.5126688082094045,34,0.2512765107782998,23760.6724006796,46,raisecom
106,2020-05-04 23:58:00.434354,0.3792145558551509,24,0.4309035741202574,26877.265559207284,48,raisecom
107,2020-05-04 23:59:00.510898,0.3606868349366433,25,0.4514139229375511,28569.665470252472,36,raisecom
108,2020-05-05 00:00:00.591549,0.4438450740317737,25,0.4606585540141474,28965.488361075262,42,raisecom
109,2020-05-05 00:01:00.673330,0.5478882559047793,38,0.3739761107100721,28311.92791177392,41,raisecom
110,2020-05-05 00:02:00.754220,0.2868255699299364,24,0.4973627270999541,27792.1623154648,30,raisecom
111,2020-05-05 00:03:00.836146,0.3235663224543705,32,0.4626921264977655,29766.39086354246,40,raisecom
112,2020-05-05 00:04:00.930901,0.3144135621645072,38,0.4876450157249736,20719.541160344077,42,raisecom
113,2020-05-05 00:05:01.009346,0.2748380800709273,32,0.25739519132069594,22401.451000380584,50,raisecom
114,2020-05-05 00:06:01.085118,0.4027882939604457,26,0.3418163391381866,28283.154505665185,40,raisecom
115,2020-05-05 00:07:01.165431,0.5067528172809661,23,0.40254816333423854,24016.06565055213,47,raisecom
116,2020-05-05 00:08:01.247808,0.4767029365871459,40,0.5220660545962653,29743.99351479445,30,raisecom
117,2020-05-05 00:09:01.331053,0.3429408657661795,37,0.33889416173211484,24584.639703384437,48,raisecom
118,2020-05-05 00:10:01.408688,0.4318646567476449,20,0.5022908983815838,24519.02509202566,48,raisecom
119,2020-05-05 00:11:01.486889,0.4042370086446522,22,0.3760355231500263,29230.858853866066,43,raisecom
120,2020-05-05 00:12:01.566436,0.4149611884161472,30,0.4520003694365642,29680.09028307541,36,raisecom
121,2020-05-05 00:13:01.646957,0.32436000794421005,25,0.506680280085423,27695.07411160927,32,raisecom
122,2020-05-05 00:14:01.726161,0.2618472401979076,25,0.488256189745788,29169.733415450464,41,raisecom
123,2020-05-05 00:15:01.803756,0.2599496269703079,34,0.3932416789274976,27215.69556349421,50,raisecom
124,2020-05-05 00:16:01.882785,0.2517072253507657,29,0.2620291116879168,25236.23065714878,44,raisecom
125,2020-05-05 00:17:01.964964,0.2633075529513476,36,0.29742189553363435,23414.958341541813,31,raisecom
126,2020-05-05 00:18:02.059114,0.2547288279433337,29,0.37739470850220536,24987.23604440085,43,raisecom
127,2020-05-05 00:19:02.139123,0.5291227751328931,32,0.3368541200218569,26441.327953022042,42,raisecom
128,2020-05-05 00:20:02.214853,0.4245651201116264,21,0.3925487738450219,23630.499094622315,48,raisecom
129,2020-05-05 00:21:02.295315,0.2770800683517766,31,0.4638737955785223,26902.916820532617,33,raisecom
130,2020-05-05 00:22:02.374659,0.3169585096357606,27,0.2907363518255308,27708.46647486571,47,raisecom
131,2020-05-05 00:23:02.462185,0.4448468497400291,38,0.5408662101606931,20933.039059439547,32,raisecom
132,2020-05-05 00:24:02.540814,0.3955264524787025,34,0.34210069893688977,21968.832195678508,49,raisecom
133,2020-05-05 00:25:02.620747,0.35789915142191103,23,0.2673757955990104,26688.2750748926,38,raisecom
134,2020-05-05 00:26:02.699684,0.35038420716643354,31,0.2574443226142309,22072.11791218125,38,raisecom
135,2020-05-05 00:27:02.790064,0.32464254333408515,20,0.4435581201026687,25734.088296195478,30,raisecom
136,2020-05-05 00:28:02.876135,0.3349185411604925,31,0.2973449381970327,27170.46425240876,37,raisecom
137,2020-05-05 00:29:02.959416,0.3850047890928734,28,0.4562158698273441,25848.546993462114,41,raisecom
138,2020-05-05 00:30:03.041169,0.4057585098169318,34,0.4716866255415325,29120.75386341821,38,raisecom
139,2020-05-05 00:31:03.122001,0.3805465725296673,32,0.531252646009045,23562.943413024648,33,raisecom
140,2020-05-05 00:32:03.212097,0.5300430010538206,40,0.2866974537460312,24280.428954723146,40,raisecom
141,2020-05-05 00:33:03.291916,0.5004047457139722,32,0.27695159604004443,27400.202383283897,32,raisecom
142,2020-05-05 00:34:03.373248,0.3445599497419472,26,0.2809801688245518,25448.42207742727,45,raisecom
143,2020-05-05 00:35:03.454849,0.4077059481382901,32,0.41812143513697897,29402.75228554049,31,raisecom
144,2020-05-05 00:36:03.534978,0.38099524282124864,31,0.3251695085045406,21721.347434974083,30,raisecom
145,2020-05-05 00:37:03.614973,0.3384553870308472,27,0.3509756804709946,21884.71230450096,33,raisecom
146,2020-05-05 00:38:03.693673,0.3578864287793382,27,0.4163308404306687,28603.45664248265,47,raisecom
147,2020-05-05 00:39:03.775425,0.3281181638008949,39,0.3454956322333038,28950.967916816968,42,raisecom
148,2020-05-05 00:40:03.855855,0.3878665687004917,28,0.4964949475245482,25929.127408353022,44,raisecom
149,2020-05-05 00:41:03.952200,0.4134832913372629,34,0.3806937457086586,26785.005921279928,34,raisecom
150,2020-05-05 00:42:04.030872,0.466021270375101,30,0.5396846015303057,25980.896856129264,36,raisecom
151,2020-05-05 00:43:04.113789,0.3624240111266502,22,0.3588996673241855,23811.534378706543,43,raisecom
152,2020-05-05 00:44:04.193816,0.3007165477568674,26,0.3778715849058835,22904.004755622715,48,raisecom
153,2020-05-05 00:45:04.272588,0.4538332750468161,35,0.2556799369020034,24895.638856684356,34,raisecom
154,2020-05-05 00:46:04.353946,0.3991663373450245,34,0.28725322080723104,25981.834599324244,46,raisecom
155,2020-05-05 00:47:04.434318,0.3956539024622897,33,0.3543585467000335,23973.47851452812,47,raisecom
156,2020-05-05 00:48:04.513285,0.2859071973335534,39,0.5319064605902342,28680.257961929605,45,raisecom
157,2020-05-05 00:49:04.592315,0.29018635527782033,39,0.460638549272721,24847.365321806206,45,raisecom
158,2020-05-05 00:50:04.682871,0.5066165113576503,40,0.4795252675159403,29537.378744590136,47,raisecom
159,2020-05-05 00:51:04.763227,0.3519450348077789,39,0.5274352909769477,25378.01650570564,43,raisecom
160,2020-05-05 00:52:04.843914,0.2699296102364631,25,0.5010524280144737,25096.46122142186,33,raisecom
161,2020-05-05 00:53:04.923022,0.5100114016743618,33,0.4677799178013618,23141.855566464,32,raisecom
162,2020-05-05 00:54:05.002578,0.34791228926046025,22,0.4549910393340525,29591.19672076088,45,raisecom
163,2020-05-05 00:55:05.093017,0.40963596772938177,27,0.308208722817826,29879.30112220188,48,raisecom
164,2020-05-05 00:56:05.174310,0.28945019231828595,31,0.5264752799561763,27181.29474286255,36,raisecom
165,2020-05-05 00:57:05.253720,0.4452529975388034,24,0.38746088459391054,24394.42800715715,30,raisecom
166,2020-05-05 00:58:05.332686,0.3196275698876209,31,0.3758239917213878,22172.784866638234,49,raisecom
167,2020-05-05 00:59:05.413512,0.4155129370624263,29,0.4202302123045659,27684.837473729218,37,raisecom
168,2020-05-05 01:00:05.494739,0.5102155692490202,26,0.5134501173713857,25067.463171035633,34,raisecom
169,2020-05-05 01:01:05.571230,0.5431732197027991,23,0.3512056239777603,24152.175938552216,41,raisecom
170,2020-05-05 01:02:05.650364,0.421238977773201,23,0.541159259341986,23965.442835024005,35,raisecom
171,2020-05-05 01:03:05.728264,0.4704885891874054,35,0.4016329746668384,29914.171539964536,37,raisecom
172,2020-05-05 01:04:05.816804,0.43987479892224696,33,0.3356370257986277,29926.909215956934,38,raisecom
173,2020-05-05 01:05:05.896543,0.2541091115901961,37,0.2583981108077725,23349.083484485356,30,raisecom
174,2020-05-05 01:06:05.978493,0.4029541138102853,23,0.4640960414368448,25485.211756006098,31,raisecom
175,2020-05-05 01:07:06.058537,0.32075735087930485,35,0.547222417838521,26513.21786843834,33,raisecom
176,2020-05-05 01:08:06.139442,0.2523992426608899,22,0.5329823871305601,26862.6368381203,32,raisecom
177,2020-05-05 01:09:06.229884,0.4676316614050082,27,0.3363178917627153,25978.124001033968,42,raisecom
178,2020-05-05 01:10:06.308960,0.3070983617988509,34,0.4145397283485083,27044.87527071192,35,raisecom
179,2020-05-05 01:11:06.387358,0.3966470301768243,25,0.2885795572475085,25965.376257488486,36,raisecom
180,2020-05-05 01:12:06.467955,0.28857680544733555,24,0.4096357380217225,23084.53195030906,30,raisecom
181,2020-05-05 01:13:06.547750,0.3790983886557461,27,0.3736844828828992,27388.196817970053,33,raisecom
182,2020-05-05 01:14:06.626868,0.4142933023694109,22,0.4569888332360497,24741.049313409338,40,raisecom
183,2020-05-05 01:15:06.707718,0.5000306219841011,39,0.4466349316085635,21140.577781223798,42,raisecom
184,2020-05-05 01:16:06.786618,0.42368297495488333,24,0.4337503285166742,27131.245868498525,40,raisecom
185,2020-05-05 01:17:06.866986,0.5125855452226789,23,0.4359792943559384,26167.103033237843,45,raisecom
186,2020-05-05 01:18:06.960957,0.4131603557287801,21,0.42399003201646257,22419.748605509103,31,raisecom
187,2020-05-05 01:19:07.039175,0.3007171912382068,32,0.44674645069466185,24588.890665519,46,raisecom
188,2020-05-05 01:20:07.120539,0.5497874311865765,24,0.4290389491196171,28508.266341962033,43,raisecom
189,2020-05-05 01:21:07.200446,0.5312643485515479,37,0.3905797472851342,27792.49096116429,44,raisecom
190,2020-05-05 01:22:07.281162,0.46776104300453,24,0.401626026380876,26489.968141178088,33,raisecom
191,2020-05-05 01:23:07.361723,0.4605313517551127,39,0.45830209305883296,20997.978533708083,30,raisecom
192,2020-05-05 01:24:07.442707,0.3065063091554168,37,0.3123459284527328,22201.15520543635,30,raisecom
193,2020-05-05 01:25:07.525374,0.384818407443576,32,0.2558529065924073,27279.74377121056,41,raisecom
194,2020-05-05 01:26:07.602861,0.25411196589352203,21,0.440476359121348,24101.57639223268,37,raisecom
195,2020-05-05 01:27:07.693781,0.3609309500449456,40,0.2948034847833055,20424.151149692545,42,raisecom
196,2020-05-05 01:28:07.774526,0.2969606428849915,20,0.2794158164698063,26686.43714663577,38,raisecom
197,2020-05-05 01:29:07.855167,0.2767968735303865,23,0.3405807527940428,20334.191388804542,30,raisecom
198,2020-05-05 01:30:07.937058,0.5062516232415306,22,0.4676826313972531,21054.75187358111,45,raisecom
199,2020-05-05 01:31:08.012586,0.34887563375558805,34,0.3064750696948043,22978.350748940957,37,raisecom
200,2020-05-05 01:32:08.102543,0.4395551143152414,20,0.40714312236718425,26813.954448727603,50,raisecom
201,2020-05-05 01:33:08.181495,0.3791856953568949,36,0.3469594267008391,27271.36348531724,30,raisecom
202,2020-05-05 01:34:08.262526,0.25713961047418543,30,0.4918860523826358,22799.47198107765,49,raisecom
203,2020-05-05 01:35:08.343842,0.5380655444870452,39,0.5394545945995559,20671.57266463084,44,raisecom
204,2020-05-05 01:36:08.434773,0.3788478303543452,37,0.5402687469750234,24341.954573821225,49,raisecom
205,2020-05-05 01:37:08.513307,0.25220817175291943,28,0.43765218472760814,28295.176743964865,39,raisecom
206,2020-05-05 01:38:08.590666,0.2783189383127856,24,0.3738268933539901,22722.285433250734,36,raisecom
207,2020-05-05 01:39:08.670753,0.4629938272712585,25,0.4935831678363334,28293.944641960392,48,raisecom
208,2020-05-05 01:40:08.752362,0.3136865247801089,28,0.5203813715816935,25364.759450721147,38,raisecom
209,2020-05-05 01:41:08.842046,0.4426176710257559,40,0.25963348871374914,27298.092560182402,46,raisecom
210,2020-05-05 01:42:08.921460,0.4893187065793614,34,0.2634976185531969,24801.266922545874,47,raisecom
211,2020-05-05 01:43:09.001755,0.41303600472046137,32,0.4556947419611797,21944.271950901817,39,raisecom
212,2020-05-05 01:44:09.082715,0.5318224515289134,30,0.5241253032569813,28891.657827694336,43,raisecom
213,2020-05-05 01:45:09.160917,0.5308759643229533,23,0.332148877927292,25516.573535935124,43,raisecom
214,2020-05-05 01:46:09.240555,0.3024161320634444,33,0.3870802573174943,21798.28084148841,43,raisecom
215,2020-05-05 01:47:09.319862,0.5183527118694132,27,0.34027087129313976,21407.84769810579,44,raisecom
216,2020-05-05 01:48:09.396279,0.3488443417673716,23,0.4529139484378297,24820.98398985958,38,raisecom
217,2020-05-05 01:49:09.477281,0.4665623416166086,24,0.2994505489104117,25557.609963366733,47,raisecom
218,2020-05-05 01:50:09.568441,0.5366544458226538,20,0.4679459953578564,21266.491125701792,39,raisecom
219,2020-05-05 01:51:09.650370,0.3899585410923089,32,0.37033492638304294,22531.47417687435,47,raisecom
220,2020-05-05 01:52:09.729781,0.341329542283627,32,0.4907864801030428,26951.166531948307,38,raisecom
221,2020-05-05 01:53:09.808412,0.3894397304687509,29,0.4026663078683488,21609.77935821151,43,raisecom
222,2020-05-05 01:54:09.887541,0.4843024072722261,24,0.4871840866308664,25871.076780728148,38,raisecom
223,2020-05-05 01:55:09.969040,0.3725293987030727,29,0.32115289484988885,29204.73382755928,39,raisecom
224,2020-05-05 01:56:10.049934,0.2903607463355076,27,0.4583165381538392,27912.913966200733,42,raisecom
225,2020-05-05 01:57:10.130563,0.3358831193940017,26,0.5205921012060388,20497.66555420692,38,raisecom
226,2020-05-05 01:58:10.211695,0.4508638245368808,39,0.4948042254406136,26747.44393885508,31,raisecom
227,2020-05-05 01:59:10.301056,0.4422511868715595,25,0.3722381757453395,22190.49375832904,42,raisecom
228,2020-05-05 02:00:10.376451,0.4837458976551609,34,0.371913742333395,27863.452220522027,40,raisecom
229,2020-05-05 02:01:10.456077,0.3835047685526813,39,0.3314988469823407,21805.71352645456,34,raisecom
230,2020-05-05 02:02:10.536062,0.3074169930440602,28,0.2500054258917517,25639.400753074337,30,raisecom
231,2020-05-05 02:03:10.616753,0.3400053877599785,34,0.3836141958257572,21819.110070768867,39,raisecom
232,2020-05-05 02:04:10.711699,0.5238101283610601,32,0.3361836405045973,26705.774597524112,42,raisecom
233,2020-05-05 02:05:10.797677,0.4245432056979157,23,0.4184448252334819,22478.082259766546,47,raisecom
234,2020-05-05 02:06:10.881958,0.3435861460324298,36,0.5397310587021424,20906.02469515713,39,raisecom
235,2020-05-05 02:07:10.968412,0.4260526798736819,25,0.4880013868713665,27487.51780912472,47,raisecom
236,2020-05-05 02:08:11.053677,0.5240074626177454,34,0.5388275346805673,29219.327836033302,35,raisecom
237,2020-05-05 02:09:11.137791,0.32030797152518786,29,0.40144165385309294,25332.4421965629,50,raisecom
238,2020-05-05 02:10:11.220116,0.3680858922655563,33,0.4091610238827421,24394.90328101667,45,raisecom
239,2020-05-05 02:11:11.307178,0.2703331656400687,28,0.4626740943077433,25331.26611145061,32,raisecom
240,2020-05-05 02:12:11.391152,0.392853153877695,36,0.4332443769386721,23783.454529467002,31,raisecom
241,2020-05-05 02:13:11.474987,0.3845802064821198,21,0.36222489332222735,20466.4348949982,47,raisecom
242,2020-05-05 02:14:11.558239,0.26403058751028186,27,0.2737030516871327,26999.538613555414,42,raisecom
243,2020-05-05 02:15:11.656243,0.4708524671647312,32,0.4734150116928677,27951.263585074237,48,raisecom
244,2020-05-05 02:16:11.740773,0.29822480582478955,29,0.252310392514828,26472.105598681177,43,raisecom
245,2020-05-05 02:17:11.823273,0.3292963126534365,25,0.2627058974283229,25226.231662699087,45,raisecom
246,2020-05-05 02:18:11.907610,0.482413633397619,34,0.494095765572372,29550.69272344468,39,raisecom
247,2020-05-05 02:19:11.992941,0.3060297288132833,33,0.5101670079195998,25904.911073867523,33,raisecom
248,2020-05-05 02:20:12.090880,0.3825656816200679,39,0.4910586377257836,27673.040590022305,47,raisecom
249,2020-05-05 02:21:12.173307,0.39408942853930895,27,0.3777951551424163,20747.131341317592,45,raisecom
250,2020-05-05 02:22:12.256331,0.4611444490728024,23,0.3703103970792941,28826.816526037157,40,raisecom
251,2020-05-05 02:23:12.341000,0.4139659798270169,35,0.34023979900407864,26577.36713914025,39,raisecom
252,2020-05-05 02:24:12.425116,0.27243928376243537,23,0.4805988047460684,29208.28539645642,34,raisecom
253,2020-05-05 02:25:12.519866,0.2802164113963176,25,0.5318577197303138,22918.14201935728,34,raisecom
254,2020-05-05 02:26:12.604193,0.430759735411548,22,0.5398170726486862,21253.559037806903,49,raisecom
255,2020-05-05 02:27:12.688740,0.4715992867294816,25,0.4003585759438929,29038.359195844703,50,raisecom
256,2020-05-05 02:28:12.771355,0.4935392195907177,34,0.2540898739878508,25291.340615027813,44,raisecom
257,2020-05-05 02:29:12.858005,0.3311782230303548,40,0.2534698820342365,22305.583379713586,33,raisecom
258,2020-05-05 02:30:12.955087,0.2588121006681815,38,0.4287917272119763,21679.638420619056,33,raisecom
259,2020-05-05 02:31:13.039122,0.32794733657036035,37,0.5041436331877528,27962.798288306556,45,raisecom
260,2020-05-05 02:32:13.122003,0.2786218357555451,38,0.36936280542376143,20027.39363183862,50,raisecom
261,2020-05-05 02:33:13.203265,0.35063767654208045,34,0.3305239905701262,25903.810368601582,43,raisecom
262,2020-05-05 02:34:13.287252,0.5187070770207622,28,0.449404472990195,27435.762487616143,46,raisecom
263,2020-05-05 02:35:13.381183,0.35016565056455656,38,0.2698188663709472,21066.969211807547,33,raisecom
264,2020-05-05 02:36:13.467321,0.442046352051562,26,0.2633250183819732,24151.667569589572,48,raisecom
265,2020-05-05 02:37:13.548860,0.2981543902168742,26,0.26642716820340423,27283.049557646274,44,raisecom
266,2020-05-05 02:38:13.627370,0.4023691889713683,23,0.4812653947403477,23132.91556045351,37,raisecom
267,2020-05-05 02:39:13.709450,0.3193121611947245,26,0.3254839779631578,26695.76290175291,30,raisecom
268,2020-05-05 02:40:13.791901,0.2562739491963653,35,0.4396661595509064,20996.460903664676,38,raisecom
269,2020-05-05 02:41:13.873327,0.4274656001203103,34,0.4874280910760903,22752.96072355076,43,raisecom
270,2020-05-05 02:42:13.955714,0.3978373081546733,28,0.39594785496377977,21777.239293847782,41,raisecom
271,2020-05-05 02:43:14.033753,0.36313833495183306,28,0.5004626055319403,21154.43015517205,36,raisecom
272,2020-05-05 02:44:14.115220,0.30008697659438793,23,0.2974000459650954,20459.140290444848,41,raisecom
273,2020-05-05 02:45:14.194369,0.5359243593147212,34,0.27298177204141266,28150.233791978088,35,raisecom
274,2020-05-05 02:46:14.285547,0.3630965109442452,35,0.4518766780496425,26218.31940372772,42,raisecom
275,2020-05-05 02:47:14.366280,0.3644014428741073,31,0.29079312344893504,28225.18081903212,47,raisecom
276,2020-05-05 02:48:14.447110,0.4038085658420429,31,0.4068135009824919,29783.788057005,50,raisecom
277,2020-05-05 02:49:14.525771,0.2988546099412497,39,0.2777198340323997,22098.396058343867,42,raisecom
278,2020-05-05 02:50:14.604347,0.4096793680933447,27,0.3854493338844537,21995.524779999374,37,raisecom
279,2020-05-05 02:51:14.695961,0.4389480983604229,36,0.3594361746174499,20509.375265336952,35,raisecom
280,2020-05-05 02:52:14.775187,0.3784172604234909,33,0.4611239008632853,23367.79213423977,44,raisecom
281,2020-05-05 02:53:14.855414,0.2677837425117578,23,0.3726346753248394,26074.03858104638,42,raisecom
282,2020-05-05 02:54:14.935228,0.3296642799831506,34,0.3486720824568692,24276.52310866395,30,raisecom
283,2020-05-05 02:55:15.015050,0.3683672090220891,21,0.4480210259786275,21797.738041910907,50,raisecom
284,2020-05-05 02:56:15.105904,0.34106666032446525,32,0.5000813530639455,24640.553296244678,42,raisecom
285,2020-05-05 02:57:15.187444,0.5294790109908356,39,0.4831556710721614,22409.381573583458,41,raisecom
286,2020-05-05 02:58:15.269402,0.5137522446185749,40,0.3450773986255261,23994.207100709256,39,raisecom
287,2020-05-05 02:59:15.350752,0.5375300232668232,40,0.3017383464315958,23453.816154412798,47,raisecom
288,2020-05-05 03:00:15.432772,0.2755401381783063,28,0.5110245413017397,23224.02337244248,45,raisecom
289,2020-05-05 03:01:15.523937,0.3289000840283309,34,0.3985195321558633,26582.052105328148,47,raisecom
290,2020-05-05 03:02:15.601396,0.30521597337150125,34,0.5047123821839904,24826.03322231939,39,raisecom
291,2020-05-05 03:03:15.680363,0.3973266118086117,24,0.4643407552043061,21476.153705034034,41,raisecom
292,2020-05-05 03:04:15.762951,0.5196603641065011,32,0.5393760356009661,22242.869823085133,48,raisecom
293,2020-05-05 03:05:15.841898,0.40956523073321305,30,0.4632183099439812,21249.6598235942,35,raisecom
294,2020-05-05 03:06:15.932440,0.4908724374707021,30,0.4093738907788739,23597.51160987951,44,raisecom
295,2020-05-05 03:07:16.011746,0.2962161852674338,24,0.4887461448144974,22754.929006805567,36,raisecom
296,2020-05-05 03:08:16.091099,0.5286651452807924,24,0.3939340542554143,21317.62578006151,48,raisecom
297,2020-05-05 03:09:16.170913,0.30930663160823263,30,0.4256666249949035,21050.476019211736,41,raisecom
298,2020-05-05 03:10:16.257335,0.5334860095246082,23,0.25843983929229075,20190.043015495143,35,raisecom
299,2020-05-05 03:11:16.334941,0.2675642128270965,36,0.4064684037128961,26415.831112981832,35,raisecom
300,2020-05-05 03:12:16.413307,0.4051691210380384,38,0.4139951636253467,25185.0338617961,42,raisecom
301,2020-05-05 03:13:16.491321,0.5377419226812904,37,0.3900738119817097,24611.843826967997,37,raisecom
302,2020-05-05 03:14:16.570979,0.39880178879467865,37,0.5416876347481627,29787.75400085735,42,raisecom
303,2020-05-05 03:15:16.665013,0.26257575120426224,20,0.4596489385130412,20465.98316923836,32,raisecom
304,2020-05-05 03:16:16.745168,0.5113920471845655,27,0.3410403155573626,27785.83371668389,44,raisecom
305,2020-05-05 03:17:16.823483,0.3061501573257933,36,0.3073206471825523,20119.183405840697,36,raisecom
306,2020-05-05 03:18:16.902136,0.29639163934433044,31,0.5340528802352377,28706.502268948003,37,raisecom
307,2020-05-05 03:19:16.981341,0.4146603826038663,27,0.4133816328807721,22687.523405913216,42,raisecom
308,2020-05-05 03:20:17.062853,0.5486489721912515,20,0.3214441830769305,22049.29397069428,46,raisecom
309,2020-05-05 03:21:17.145206,0.3123964949401342,35,0.28706308109616524,27418.587946545587,33,raisecom
310,2020-05-05 03:22:17.224081,0.4853138042983549,23,0.39948737989190897,27879.07312538626,37,raisecom
311,2020-05-05 03:23:17.304412,0.3185015250808389,20,0.4099780167959388,21640.528185127867,48,raisecom
312,2020-05-05 03:24:17.397456,0.4479760481331383,34,0.4581499350296421,24376.597278602894,47,raisecom
313,2020-05-05 03:25:17.478550,0.26080057760386777,24,0.4161741931310273,20225.33625238894,33,raisecom
314,2020-05-05 03:27:47.215594,0.3956162063724956,40,0.37979550750401625,21791.171991673422,44,raisecom
315,2020-05-05 03:28:47.295518,0.4865199263861266,34,0.3503071187072252,24751.310981031616,45,raisecom
316,2020-05-05 03:29:47.373974,0.4819010568431625,38,0.4018507602311802,20384.873064036317,43,raisecom
317,2020-05-05 03:30:47.455325,0.4000354447748242,38,0.32704638209714165,20119.03850123618,44,raisecom
318,2020-05-05 03:31:47.533122,0.3111769937268296,39,0.5262085989284442,22182.510348355136,41,raisecom
319,2020-05-05 03:32:47.616047,0.44192208481274503,38,0.3066221671802871,28319.425458823633,44,raisecom
320,2020-05-05 03:33:47.696006,0.3586092557979182,30,0.3338628721975141,20162.11272507044,46,raisecom
321,2020-05-05 03:34:47.791194,0.3152389141435545,36,0.5224794328262227,21094.45618549792,43,raisecom
322,2020-05-05 03:35:47.871563,0.36850843452625415,33,0.4345015798189664,24954.477146473477,42,raisecom
323,2020-05-05 03:36:47.952750,0.4225378148831479,32,0.4842230461884928,27573.829519643154,45,raisecom
324,2020-05-05 03:37:48.031724,0.2981225417683212,40,0.271810232997811,23218.781823884477,40,raisecom
325,2020-05-05 03:38:48.111564,0.5080945094745997,31,0.5199770192530125,28268.53872946648,47,raisecom
326,2020-05-05 03:39:48.203296,0.5489916845932872,33,0.3617070028380017,26770.4104534888,45,raisecom
327,2020-05-05 03:40:48.282496,0.4979230340589743,30,0.3301854528794398,25088.42134565284,47,raisecom
328,2020-05-05 03:41:48.365145,0.4967217942198845,38,0.2775072324538203,28142.295843691627,45,raisecom
329,2020-05-05 03:42:48.444221,0.41077579784956586,33,0.3378516220806915,29310.248887140537,44,raisecom
330,2020-05-05 03:43:48.532170,0.3201765462544222,35,0.4012263619276461,27829.56452742632,44,raisecom
331,2020-05-05 03:44:48.608739,0.2770617168648817,35,0.4885913250047685,26347.388700421125,49,raisecom
332,2020-05-05 03:45:48.686031,0.4985635231985457,30,0.4250466147697211,25010.58139928917,43,raisecom
333,2020-05-05 03:46:48.765740,0.27142766666712304,36,0.2811444307152663,27000.12737391341,47,raisecom
334,2020-05-05 03:47:48.846813,0.3355546835619471,37,0.3696976477109428,29574.617575648448,40,raisecom
335,2020-05-05 03:48:48.941940,0.28985179288942003,36,0.5306483151942658,24962.09630333361,42,raisecom
336,2020-05-05 03:49:49.018610,0.35602863065421936,31,0.3156044589864462,22919.34551354103,40,raisecom
337,2020-05-05 03:50:49.099696,0.5309996185981329,32,0.3259300817455684,28600.60790684835,48,raisecom
338,2020-05-05 03:51:49.179840,0.2709846802826625,32,0.3849308528204006,27854.681544831048,45,raisecom
339,2020-05-05 03:52:49.259291,0.5367758484694543,30,0.4284140757645436,26222.340073019757,49,raisecom
340,2020-05-05 03:53:49.335516,0.3457677646386739,32,0.27815949491795594,26906.020312790137,47,raisecom
341,2020-05-05 03:54:49.414815,0.26306177147378074,37,0.3931736601984739,25140.63526136301,44,raisecom
342,2020-05-05 03:55:49.493673,0.2718618490497839,34,0.4631290342642709,29317.2480043323,48,raisecom
343,2020-05-05 03:56:49.572351,0.43622000508364456,40,0.5154101445992816,26556.20096612084,50,raisecom
344,2020-05-05 03:57:49.664171,0.38462766282654137,40,0.29686516398696616,26107.6334496991,49,raisecom
345,2020-05-05 03:58:49.745587,0.2625740460642841,35,0.3130203288495325,26102.219860956156,46,raisecom
346,2020-05-05 03:59:49.822903,0.5157500039200619,33,0.37075360106567706,20233.109997196392,44,raisecom
347,2020-05-05 04:00:49.900730,0.25156422782544097,30,0.4698496888595,23486.231141392163,44,raisecom
348,2020-05-05 04:01:49.982021,0.4062207754170621,35,0.3195194522879153,29405.365701237373,47,raisecom
349,2020-05-05 04:02:50.072435,0.2514270619273992,32,0.2826911672947188,25528.08087783747,42,raisecom
350,2020-05-05 04:03:50.153876,0.27989487956789016,32,0.3599676989941641,22098.36590417661,40,raisecom
351,2020-05-05 04:04:50.233795,0.4003099055740676,33,0.3441219176900313,27391.49262048141,44,raisecom
352,2020-05-05 04:05:50.313437,0.4105588814130733,30,0.420562570006589,23400.556236577606,42,raisecom
353,2020-05-05 04:06:50.388823,0.5400062800932075,30,0.3643611643914442,22995.15764816612,43,raisecom
354,2020-05-05 04:07:50.468925,0.27017067263641303,39,0.4577535094150178,23506.79639470984,41,raisecom
355,2020-05-05 04:08:50.547712,0.5308598582427321,36,0.3420592842551388,23502.89623936461,49,raisecom
356,2020-05-05 04:09:50.627520,0.4306934149343639,35,0.4508876514891125,27624.872042565068,46,raisecom
357,2020-05-05 04:10:50.707740,0.36859373534773066,36,0.44735052756963467,25535.753270106405,46,raisecom
358,2020-05-05 04:11:50.798921,0.4828005394834335,31,0.3096853806529771,20878.86383491862,45,raisecom
359,2020-05-05 04:12:50.878823,0.4293812298434954,40,0.5230935966074577,26635.558688722303,50,raisecom
360,2020-05-05 04:13:50.958905,0.4477636838659963,38,0.4340133075179098,29795.43495281152,40,raisecom
361,2020-05-05 04:14:51.037802,0.397883471736302,33,0.4232516535013502,23638.614400407158,48,raisecom
362,2020-05-05 04:15:51.116951,0.5461124935942594,39,0.541474243554914,26021.19598908451,40,raisecom
363,2020-05-05 04:16:51.197615,0.5191536594619071,38,0.3131833883415276,26826.98228203525,40,raisecom
364,2020-05-05 04:17:51.279774,0.2968742617436587,34,0.4143265311263479,21683.027303496652,42,raisecom
365,2020-05-05 04:18:51.361372,0.3351016538523596,30,0.4235885864234397,25937.29087502036,48,raisecom
366,2020-05-05 04:19:51.442264,0.4303393987420708,38,0.28608353744239656,29279.89031324902,44,raisecom
367,2020-05-05 04:20:51.533832,0.3933075942624786,39,0.3752881080802407,20715.727353206854,49,raisecom
368,2020-05-05 04:21:51.614511,0.27790984098943833,35,0.3765459332723856,23362.589166031776,47,raisecom
369,2020-05-05 04:22:51.695593,0.42878665662562976,39,0.5291249570843988,24876.717945339948,48,raisecom
370,2020-05-05 04:23:51.777105,0.5125992469717374,40,0.29866268531141216,28449.966190213963,42,raisecom
371,2020-05-05 04:24:51.858190,0.4085660894742119,35,0.2807821445507119,29445.897499370916,45,raisecom
372,2020-05-05 04:25:51.952467,0.32126171210632193,39,0.28858802053886656,28286.80684973205,46,raisecom
373,2020-05-05 04:54:09.658217,0.3811712469076638,31,0.2879229597018368,24510.129761826265,41,raisecom
374,2020-05-05 04:55:10.879467,0.42971398728627536,30,0.3010196314826753,27043.609562107216,49,raisecom
375,2020-05-05 04:56:10.960734,0.3871192337958716,36,0.4339983654159613,25147.822470913983,41,raisecom
376,2020-05-05 04:57:11.062594,0.5447344812119389,39,0.4720939686652131,23287.814219475786,46,raisecom
377,2020-05-05 04:58:11.145165,0.5372525231895795,35,0.5223042684880465,22709.949377290453,43,raisecom
378,2020-05-05 04:59:11.229882,0.5232609588684147,36,0.5423117920387135,28401.168870191294,50,raisecom
379,2020-05-05 05:00:11.311659,0.4114089502799027,35,0.35340712774087585,22565.91293383344,46,raisecom
380,2020-05-05 05:01:11.410282,0.2859933222647971,33,0.2942474572334784,20836.66519279022,46,raisecom
381,2020-05-05 05:02:11.491310,0.364825220569867,37,0.3297350286622663,20762.22874328736,41,raisecom
382,2020-05-05 05:03:11.573193,0.46201290151932,32,0.3061158868196011,26954.63740327221,48,raisecom
383,2020-05-05 05:04:11.653778,0.4170436313787054,31,0.37042787556311657,25949.947875474194,41,raisecom
384,2020-05-05 05:05:11.735652,0.2533394021075518,33,0.4692782479818301,24430.24396097684,50,raisecom
385,2020-05-05 05:06:11.817463,0.4211821289570022,31,0.360351032359414,29666.736130287853,50,raisecom
386,2020-05-05 05:07:11.897355,0.2837244159931558,35,0.33663549961083555,26082.469797440626,45,raisecom
387,2020-05-05 05:08:11.977235,0.3080311961424738,35,0.4921353312087359,24971.477154426317,45,raisecom
388,2020-05-05 05:09:12.058607,0.4664386246270561,36,0.4404240748631016,27927.456036150983,46,raisecom
389,2020-05-05 05:10:12.148577,0.2972000459639587,35,0.4872453278971655,27693.937448715616,46,raisecom
390,2020-05-05 05:11:12.232666,0.4271527309156733,39,0.3307167476670924,23219.603409536157,47,raisecom
391,2020-05-05 05:12:12.315835,0.3548991247672732,39,0.2844796261778165,24492.401197910687,41,raisecom
392,2020-05-05 05:13:12.397920,0.4397971684287855,30,0.4024289982063791,27084.368123972843,43,raisecom
393,2020-05-05 05:14:12.492021,0.2551115394074069,30,0.3955370569767301,21901.530999686598,47,raisecom
394,2020-05-05 05:15:12.574290,0.35026586192808234,31,0.4887945586931128,24121.6571425395,50,raisecom
395,2020-05-05 05:16:12.655612,0.4415956487178244,32,0.40024218375584253,21960.17216376044,41,raisecom
396,2020-05-05 05:17:12.738431,0.2751298364436789,32,0.5175096101409645,29857.436259043086,48,raisecom
397,2020-05-05 05:18:12.821210,0.5478322443050045,40,0.3169429979622914,22927.954941472217,43,raisecom
398,2020-05-05 05:19:12.904603,0.3623451230654519,30,0.4308712345321051,21955.688405506982,49,raisecom
399,2020-05-05 05:20:12.985051,0.34621309569936953,35,0.37430208005927496,24178.30027988459,41,raisecom
400,2020-05-05 05:21:13.071080,0.43430217852927017,37,0.3316839364062698,21241.793208575527,43,raisecom
401,2020-05-05 05:22:13.154106,0.4300712747546995,38,0.5151765539045883,20441.887442335526,44,raisecom
402,2020-05-05 05:23:13.248457,0.35709353191269905,37,0.2847114711506415,29966.86902967725,50,raisecom
403,2020-05-05 05:24:13.331525,0.2790453200220959,34,0.4341223204913983,25256.980001702643,47,raisecom
404,2020-05-05 05:25:13.414595,0.3883652579708671,40,0.452406175588894,21795.08513342173,45,raisecom
405,2020-05-05 05:26:13.496840,0.4675037817400327,32,0.54460989503179,23046.251061481118,45,raisecom
406,2020-05-05 05:27:13.591859,0.4020530282811536,31,0.2756294021813617,27915.886833071923,50,raisecom
407,2020-05-05 05:28:13.672059,0.3291630931547023,30,0.4431364459279546,20294.560506014925,49,raisecom
408,2020-05-05 05:29:13.753190,0.2864285387908848,32,0.4977172975656529,25703.15121536105,42,raisecom
409,2020-05-05 05:30:13.837859,0.529032857620866,32,0.3371620758920229,26372.489310835263,47,raisecom
410,2020-05-05 05:31:13.936132,0.4858790620483546,38,0.4795056652589004,21921.763493963368,45,raisecom
411,2020-05-05 05:33:22.776672,0.35961345489702595,35,0.5347730773708123,28742.790252741317,42,raisecom
412,2020-05-05 05:34:22.854365,0.26362986327030635,44,0.4313013061562607,29016.890717798487,52,raisecom
413,2020-05-05 05:35:22.935295,0.5102881886285816,35,0.4973886442430706,21186.183215800324,43,raisecom
414,2020-05-05 05:36:23.022031,0.32978317853132105,50,0.5305964464866644,29779.66727267708,41,raisecom
415,2020-05-05 05:37:23.107282,0.5049562451210532,31,0.2533731308018117,23298.484420934496,53,raisecom
416,2020-05-05 05:38:23.190452,0.34023913052435895,49,0.43167528698386587,29495.790298882315,57,raisecom
417,2020-05-05 05:39:23.269494,0.4527323406323502,31,0.3781803237169373,27613.048395925787,57,raisecom
418,2020-05-05 05:40:28.332179,0.4270383663862875,38,0.4564907367138163,27358.20490983317,40,raisecom
419,2020-05-05 05:40:38.365930,0.5123851226853923,36,0.5202005191890452,27635.728884694385,54,raisecom
420,2020-05-05 05:40:48.389512,0.3353653770854039,36,0.3949578213883944,22848.406422243774,49,raisecom
421,2020-05-05 05:40:58.413624,0.5023308093676475,39,0.34190633027228706,27383.04050621676,55,raisecom
422,2020-05-05 05:41:08.441505,0.37955352763150896,37,0.3033755237242212,25861.88789717665,41,raisecom
423,2020-05-05 05:41:18.466322,0.4377975904200028,40,0.2706893046116247,23797.12281914333,56,raisecom
424,2020-05-05 05:41:18.478832,0.5242836270285215,45,0.3178565027665674,24936.30071426064,43,raisecom
425,2020-05-05 05:41:28.501519,0.36303194409554496,46,0.5084861984909266,20190.22708745137,54,raisecom
426,2020-05-05 05:41:38.524627,0.5329378877112153,41,0.3240062161452397,27919.298301584742,48,raisecom
427,2020-05-05 05:41:48.547496,0.3847158589897752,34,0.2924025622282732,22994.89880964014,59,raisecom
428,2020-05-05 05:41:58.588402,0.4242697462004943,30,0.4352070930282997,26703.857029779912,45,raisecom
429,2020-05-05 05:42:08.612286,0.4007141526403299,41,0.4115873711939986,28682.47103236293,45,raisecom
430,2020-05-05 05:42:18.636365,0.5315521413139559,42,0.4228532260039489,27219.228362854174,51,raisecom
431,2020-05-05 05:42:18.647998,0.3760318889268407,49,0.4337978788646879,22630.324116017142,40,raisecom
432,2020-05-05 05:42:28.670120,0.3470722334418674,38,0.29070705044700795,27907.99257561101,47,raisecom
433,2020-05-05 05:42:38.707192,0.4117665832186603,47,0.5043296098826222,20678.883623046244,46,raisecom
434,2020-05-05 05:42:48.731915,0.3592684880596213,35,0.33139685616377623,20728.225653539866,40,raisecom
435,2020-05-05 05:42:58.755207,0.2929228105041207,45,0.4159660840462415,24095.821790506103,59,raisecom
436,2020-05-05 05:43:08.779643,0.2743901189539858,49,0.3258428988400729,24261.84618980869,53,raisecom
437,2020-05-05 05:43:18.803300,0.2854054189760069,37,0.457931322447991,23869.883862002596,54,raisecom
438,2020-05-05 05:43:18.831986,0.40641903498500254,33,0.5415838890099828,21863.937371327844,41,raisecom
439,2020-05-05 05:43:28.854091,0.3634724923407257,43,0.523796883286562,22716.113108301543,41,raisecom
440,2020-05-05 05:43:38.878501,0.5001299092863032,45,0.39906109553768976,28095.30112214556,42,raisecom
441,2020-05-05 05:43:48.903163,0.3109862356289025,37,0.545031015113156,29710.64500778255,53,raisecom
442,2020-05-05 05:43:58.928216,0.4935954481012752,42,0.3426526519968952,20850.424748001427,44,raisecom
443,2020-05-05 05:44:08.951535,0.5229640993688415,44,0.2604880205296562,24481.17372762454,55,raisecom
444,2020-05-05 05:44:18.976258,0.4771989774597226,47,0.3881583065113837,27799.82715075084,53,raisecom
445,2020-05-05 05:44:18.988673,0.3685819669055975,47,0.4609973951041806,23833.127795273183,56,raisecom
446,2020-05-05 05:44:29.011319,0.3490117314559476,36,0.5004006537553946,22481.95520754018,40,raisecom
447,2020-05-05 05:44:39.053001,0.3214104759292617,32,0.4704972551749865,27911.428826271982,42,raisecom
448,2020-05-05 05:44:49.075979,0.25024334557380346,46,0.38440902455658293,21221.05756187848,55,raisecom
449,2020-05-05 05:44:59.098399,0.30946644640873056,47,0.4445910200322967,20416.969437264957,49,raisecom
450,2020-05-05 05:45:09.120899,0.3160161939077639,38,0.2711831861871345,22498.5778402864,43,raisecom
451,2020-05-05 05:45:19.143429,0.32027106139507483,36,0.2630548540335396,27316.929494768327,43,raisecom
452,2020-05-05 05:45:19.172679,0.4917538043817715,50,0.269461750130209,29778.74853957028,57,raisecom
453,2020-05-05 05:45:29.195991,0.2957529367554829,32,0.43674687621415387,26344.102893789237,44,raisecom
454,2020-05-05 05:45:39.220756,0.498665046097544,48,0.3121914493862992,25078.346378524457,56,raisecom
455,2020-05-05 05:45:49.244244,0.371520243146896,48,0.3163728599000056,20565.200433007813,46,raisecom
456,2020-05-05 05:45:59.268883,0.4614153651495531,45,0.3696522108940405,23015.530121932657,44,raisecom
457,2020-05-05 05:46:09.302265,0.4225248778101431,34,0.3882115354605476,29575.610058295824,44,raisecom
458,2020-05-05 05:46:19.328308,0.4746632545722543,30,0.4179666683336801,28196.78216255987,55,raisecom
459,2020-05-05 05:46:19.339999,0.4622146266756797,36,0.41587123958731015,27633.411891570726,53,raisecom
460,2020-05-05 05:46:29.362429,0.3456609882934685,36,0.36455025619950987,27080.413278049968,56,raisecom
461,2020-05-05 05:46:39.390681,0.4533287710140106,39,0.4764488170672993,29240.509011966256,57,raisecom
462,2020-05-05 05:46:49.414336,0.39194049984498025,44,0.4916279297435629,21858.59598344077,58,raisecom
463,2020-05-05 05:46:59.438313,0.5139412163965807,45,0.3796910771656453,27744.82218832084,49,raisecom
464,2020-05-05 05:47:09.462227,0.3240575269335334,46,0.3045496245682563,21469.940777729982,43,raisecom
465,2020-05-05 05:47:19.485142,0.3993257482711057,38,0.5077070308229039,25448.222011758604,55,raisecom
466,2020-05-05 05:47:19.508133,0.3246890506036433,32,0.5135700090863339,26406.380648938382,60,raisecom
467,2020-05-05 05:47:29.531257,0.3168239905114624,35,0.5264517870979055,21838.012899822417,44,raisecom
468,2020-05-05 05:47:39.553782,0.28587201436161785,42,0.2796996112462176,20603.688397156016,51,raisecom
469,2020-05-05 05:47:49.577778,0.5370882739096096,41,0.3451531901836824,26132.13179663641,53,raisecom
470,2020-05-05 05:47:59.601043,0.5004224207742785,46,0.4535656207232152,20085.276816469293,48,raisecom
471,2020-05-05 05:48:09.634655,0.2684572690915471,45,0.3039394112095057,27468.21921584612,59,raisecom
472,2020-05-05 05:48:19.658676,0.4440650761276469,37,0.25894374109141144,26726.52025813811,57,raisecom
473,2020-05-05 05:48:19.671593,0.4256820318383776,39,0.3634929436357231,24433.673056627176,40,raisecom
474,2020-05-05 05:48:29.695528,0.5424651989649765,45,0.4926443222683897,21246.709553091718,43,raisecom
475,2020-05-05 05:48:39.719804,0.3715015036807979,50,0.2544272294599075,24805.925613459134,48,raisecom
476,2020-05-05 05:48:49.754185,0.26684201648713285,46,0.4126811644424983,25905.12381041229,46,raisecom
477,2020-05-05 05:48:59.778438,0.5389128932672991,49,0.3553303429428501,24354.611924352652,48,raisecom
478,2020-05-05 05:49:09.801485,0.3104691124967398,41,0.3200173230196831,26626.5290631114,48,raisecom
479,2020-05-05 05:49:19.824921,0.4505376771858771,32,0.4224680245849453,29968.370619220288,47,raisecom
480,2020-05-05 05:49:19.854632,0.4737180682962285,42,0.5096284222422706,23318.06101486553,59,raisecom
481,2020-05-05 05:49:29.877658,0.4949105687556293,37,0.4129686350961432,24134.549454003998,40,raisecom
482,2020-05-05 05:49:39.902063,0.4330554530845359,47,0.2945382171197521,26815.15545392381,59,raisecom
483,2020-05-05 05:49:49.925983,0.3561414744950369,42,0.4811338410607494,29584.94017784853,59,raisecom
484,2020-05-05 05:49:59.949745,0.4652555765782507,34,0.4156402602878621,24730.19038668727,58,raisecom
485,2020-05-05 05:50:09.990797,0.3827371023454772,33,0.4109047700395955,23551.28307082334,44,raisecom
486,2020-05-05 05:50:20.015583,0.5134575417213761,42,0.4565728852613727,21867.559924182915,45,raisecom
487,2020-05-05 05:50:20.027699,0.5077257506699127,40,0.5494707147622102,26436.41112237397,40,raisecom
488,2020-05-05 05:50:30.048894,0.2823182321537369,30,0.251916275745868,24968.53685633146,57,raisecom
489,2020-05-05 05:50:40.073167,0.3293026268968433,38,0.5462665465268489,23864.99502733543,44,raisecom
490,2020-05-05 05:50:50.106682,0.5145265811196003,30,0.4836843512489512,20412.652770859047,48,raisecom
491,2020-05-05 05:51:00.131475,0.4571074071823144,44,0.40247498185573904,28781.482378432036,45,raisecom
492,,,30,,21874.12144433827,60,raisecom
